label_id,run_name,condition,seed,checkpoint_boundary,scenario_id
cc7a4690,axis1_access_vs_provenance_value-conflict_orderexp_C_A_C_seed3001,,,final,test-0001
e7ac8d2c,axis1_access_vs_provenance_value-conflict_orderexp_C_A_C_seed3001,,,final,test-0002
c214d94d,axis1_access_vs_provenance_value-conflict_orderexp_C_A_C_seed3001,,,final,test-0003
46a558fd,axis1_access_vs_provenance_value-conflict_orderexp_C_A_C_seed3001,,,final,test-0004
aa197485,axis1_access_vs_provenance_value-conflict_orderexp_C_A_C_seed3001,,,final,test-0005
ec3a7fa3,axis1_access_vs_provenance_value-conflict_orderexp_C_A_C_seed3001,,,final,test-0006
435e40c3,axis1_access_vs_provenance_value-conflict_orderexp_C_A_C_seed3001,,,final,test-0007
8f716b1e,axis1_access_vs_provenance_value-conflict_orderexp_C_A_C_seed3001,,,final,test-0008
3c9ab7a6,axis1_access_vs_provenance_value-conflict_orderexp_C_A_C_seed3001,,,final,test-0009
8dce42b1,axis1_access_vs_provenance_value-conflict_orderexp_C_A_C_seed3001,,,final,test-0010
4c91382c,axis1_access_vs_provenance_value-conflict_orderexp_C_A_C_seed3001,,,final,test-0011
24508571,axis1_access_vs_provenance_value-conflict_orderexp_C_A_C_seed3001,,,final,test-0012
54f3be72,axis1_access_vs_provenance_value-conflict_orderexp_C_A_C_seed3001,,,final,test-0013
524c929b,axis1_access_vs_provenance_value-conflict_orderexp_C_A_C_seed3001,,,final,test-0014
517c515c,axis1_access_vs_provenance_value-conflict_orderexp_C_A_C_seed3001,,,final,test-0015
ff75bde0,axis1_access_vs_provenance_value-conflict_orderexp_C_A_C_seed3001,,,final,test-0016
03a807c9,axis1_access_vs_provenance_value-conflict_orderexp_C_A_C_seed3001,,,final,test-0017
b8be151c,axis1_access_vs_provenance_value-conflict_orderexp_C_A_C_seed3001,,,final,test-0018
c5d138d5,axis1_access_vs_provenance_value-conflict_orderexp_C_A_C_seed3001,,,final,test-0019
06469ab0,axis1_access_vs_provenance_value-conflict_orderexp_C_A_C_seed3001,,,final,test-0020
bad88e6d,axis1_access_vs_provenance_value-conflict_orderexp_C_A_C_seed3001,,,final,test-0021
b572224f,axis1_access_vs_provenance_value-conflict_orderexp_C_A_C_seed3001,,,final,test-0022
538e0dc7,axis1_access_vs_provenance_value-conflict_orderexp_C_A_C_seed3001,,,final,test-0023
03384962,axis1_access_vs_provenance_value-conflict_orderexp_C_A_C_seed3001,,,final,test-0024
7ecaa702,axis1_access_vs_provenance_value-conflict_orderexp_C_A_C_seed3002,,,final,test-0001
73e737d0,axis1_access_vs_provenance_value-conflict_orderexp_C_A_C_seed3002,,,final,test-0002
ff815435,axis1_access_vs_provenance_value-conflict_orderexp_C_A_C_seed3002,,,final,test-0003
ea220ab4,axis1_access_vs_provenance_value-conflict_orderexp_C_A_C_seed3002,,,final,test-0004
140e0c37,axis1_access_vs_provenance_value-conflict_orderexp_C_A_C_seed3002,,,final,test-0005
91b19a1b,axis1_access_vs_provenance_value-conflict_orderexp_C_A_C_seed3002,,,final,test-0006
e0fcafc5,axis1_access_vs_provenance_value-conflict_orderexp_C_A_C_seed3002,,,final,test-0007
65b589e0,axis1_access_vs_provenance_value-conflict_orderexp_C_A_C_seed3002,,,final,test-0008
a6e921b5,axis1_access_vs_provenance_value-conflict_orderexp_C_A_C_seed3002,,,final,test-0009
5edabace,axis1_access_vs_provenance_value-conflict_orderexp_C_A_C_seed3002,,,final,test-0010
050aefd0,axis1_access_vs_provenance_value-conflict_orderexp_C_A_C_seed3002,,,final,test-0011
fbe59925,axis1_access_vs_provenance_value-conflict_orderexp_C_A_C_seed3002,,,final,test-0012
7bff7ccc,axis1_access_vs_provenance_value-conflict_orderexp_C_A_C_seed3002,,,final,test-0013
dca65fd4,axis1_access_vs_provenance_value-conflict_orderexp_C_A_C_seed3002,,,final,test-0014
b2bf5540,axis1_access_vs_provenance_value-conflict_orderexp_C_A_C_seed3002,,,final,test-0015
c5cf38ca,axis1_access_vs_provenance_value-conflict_orderexp_C_A_C_seed3002,,,final,test-0016
7c4e41b9,axis1_access_vs_provenance_value-conflict_orderexp_C_A_C_seed3002,,,final,test-0017
5b0559d9,axis1_access_vs_provenance_value-conflict_orderexp_C_A_C_seed3002,,,final,test-0018
ef07585e,axis1_access_vs_provenance_value-conflict_orderexp_C_A_C_seed3002,,,final,test-0019
f7831498,axis1_access_vs_provenance_value-conflict_orderexp_C_A_C_seed3002,,,final,test-0020
47141ec1,axis1_access_vs_provenance_value-conflict_orderexp_C_A_C_seed3002,,,final,test-0021
514c8550,axis1_access_vs_provenance_value-conflict_orderexp_C_A_C_seed3002,,,final,test-0022
2817e2df,axis1_access_vs_provenance_value-conflict_orderexp_C_A_C_seed3002,,,final,test-0023
dabef3e7,axis1_access_vs_provenance_value-conflict_orderexp_C_A_C_seed3002,,,final,test-0024
c7f76519,axis1_access_vs_provenance_value-conflict_orderexp_C_A_C_seed3003,,,final,test-0001
4fcbb82f,axis1_access_vs_provenance_value-conflict_orderexp_C_A_C_seed3003,,,final,test-0002
608bc673,axis1_access_vs_provenance_value-conflict_orderexp_C_A_C_seed3003,,,final,test-0003
d165a837,axis1_access_vs_provenance_value-conflict_orderexp_C_A_C_seed3003,,,final,test-0004
ee1fb285,axis1_access_vs_provenance_value-conflict_orderexp_C_A_C_seed3003,,,final,test-0005
c1aca368,axis1_access_vs_provenance_value-conflict_orderexp_C_A_C_seed3003,,,final,test-0006
0d93baa2,axis1_access_vs_provenance_value-conflict_orderexp_C_A_C_seed3003,,,final,test-0007
5c997db1,axis1_access_vs_provenance_value-conflict_orderexp_C_A_C_seed3003,,,final,test-0008
a073ec9e,axis1_access_vs_provenance_value-conflict_orderexp_C_A_C_seed3003,,,final,test-0009
997b9613,axis1_access_vs_provenance_value-conflict_orderexp_C_A_C_seed3003,,,final,test-0010
b1b0342a,axis1_access_vs_provenance_value-conflict_orderexp_C_A_C_seed3003,,,final,test-0011
ada0fdf2,axis1_access_vs_provenance_value-conflict_orderexp_C_A_C_seed3003,,,final,test-0012
7939ece1,axis1_access_vs_provenance_value-conflict_orderexp_C_A_C_seed3003,,,final,test-0013
4361f9b8,axis1_access_vs_provenance_value-conflict_orderexp_C_A_C_seed3003,,,final,test-0014
68ede050,axis1_access_vs_provenance_value-conflict_orderexp_C_A_C_seed3003,,,final,test-0015
d0b20709,axis1_access_vs_provenance_value-conflict_orderexp_C_A_C_seed3003,,,final,test-0016
d5904973,axis1_access_vs_provenance_value-conflict_orderexp_C_A_C_seed3003,,,final,test-0017
2ee1b1c5,axis1_access_vs_provenance_value-conflict_orderexp_C_A_C_seed3003,,,final,test-0018
0b01ad7c,axis1_access_vs_provenance_value-conflict_orderexp_C_A_C_seed3003,,,final,test-0019
efe675f1,axis1_access_vs_provenance_value-conflict_orderexp_C_A_C_seed3003,,,final,test-0020
67217cea,axis1_access_vs_provenance_value-conflict_orderexp_C_A_C_seed3003,,,final,test-0021
cf0c5a2c,axis1_access_vs_provenance_value-conflict_orderexp_C_A_C_seed3003,,,final,test-0022
88270b21,axis1_access_vs_provenance_value-conflict_orderexp_C_A_C_seed3003,,,final,test-0023
8facc94c,axis1_access_vs_provenance_value-conflict_orderexp_C_A_C_seed3003,,,final,test-0024
afb00e0f,axis1_access_vs_provenance_value-conflict_orderexp_C_A_C_seed3004,,,final,test-0001
dedcdab3,axis1_access_vs_provenance_value-conflict_orderexp_C_A_C_seed3004,,,final,test-0002
1a24c9d7,axis1_access_vs_provenance_value-conflict_orderexp_C_A_C_seed3004,,,final,test-0003
a66660e5,axis1_access_vs_provenance_value-conflict_orderexp_C_A_C_seed3004,,,final,test-0004
93a7e956,axis1_access_vs_provenance_value-conflict_orderexp_C_A_C_seed3004,,,final,test-0005
ed24abba,axis1_access_vs_provenance_value-conflict_orderexp_C_A_C_seed3004,,,final,test-0006
0d80324a,axis1_access_vs_provenance_value-conflict_orderexp_C_A_C_seed3004,,,final,test-0007
e1a21ce5,axis1_access_vs_provenance_value-conflict_orderexp_C_A_C_seed3004,,,final,test-0008
a1be04f9,axis1_access_vs_provenance_value-conflict_orderexp_C_A_C_seed3004,,,final,test-0009
8e6daf5a,axis1_access_vs_provenance_value-conflict_orderexp_C_A_C_seed3004,,,final,test-0010
5b3ea2ae,axis1_access_vs_provenance_value-conflict_orderexp_C_A_C_seed3004,,,final,test-0011
7e774898,axis1_access_vs_provenance_value-conflict_orderexp_C_A_C_seed3004,,,final,test-0012
41619682,axis1_access_vs_provenance_value-conflict_orderexp_C_A_C_seed3004,,,final,test-0013
97d9244f,axis1_access_vs_provenance_value-conflict_orderexp_C_A_C_seed3004,,,final,test-0014
b6a57416,axis1_access_vs_provenance_value-conflict_orderexp_C_A_C_seed3004,,,final,test-0015
8e880de4,axis1_access_vs_provenance_value-conflict_orderexp_C_A_C_seed3004,,,final,test-0016
01d053dd,axis1_access_vs_provenance_value-conflict_orderexp_C_A_C_seed3004,,,final,test-0017
a6a33005,axis1_access_vs_provenance_value-conflict_orderexp_C_A_C_seed3004,,,final,test-0018
b1e80443,axis1_access_vs_provenance_value-conflict_orderexp_C_A_C_seed3004,,,final,test-0019
291f2829,axis1_access_vs_provenance_value-conflict_orderexp_C_A_C_seed3004,,,final,test-0020
29dadaf4,axis1_access_vs_provenance_value-conflict_orderexp_C_A_C_seed3004,,,final,test-0021
b2e80c4a,axis1_access_vs_provenance_value-conflict_orderexp_C_A_C_seed3004,,,final,test-0022
2efb655d,axis1_access_vs_provenance_value-conflict_orderexp_C_A_C_seed3004,,,final,test-0023
a99efa02,axis1_access_vs_provenance_value-conflict_orderexp_C_A_C_seed3004,,,final,test-0024
401a2d79,axis1_access_vs_provenance_value-conflict_orderexp_C_A_C_seed3005,,,final,test-0001
a9965461,axis1_access_vs_provenance_value-conflict_orderexp_C_A_C_seed3005,,,final,test-0002
181da8b7,axis1_access_vs_provenance_value-conflict_orderexp_C_A_C_seed3005,,,final,test-0003
0c9aad79,axis1_access_vs_provenance_value-conflict_orderexp_C_A_C_seed3005,,,final,test-0004
9076e841,axis1_access_vs_provenance_value-conflict_orderexp_C_A_C_seed3005,,,final,test-0005
167ee133,axis1_access_vs_provenance_value-conflict_orderexp_C_A_C_seed3005,,,final,test-0006
cdb302be,axis1_access_vs_provenance_value-conflict_orderexp_C_A_C_seed3005,,,final,test-0007
1dd31d8c,axis1_access_vs_provenance_value-conflict_orderexp_C_A_C_seed3005,,,final,test-0008
8ecc7274,axis1_access_vs_provenance_value-conflict_orderexp_C_A_C_seed3005,,,final,test-0009
8a4d3daf,axis1_access_vs_provenance_value-conflict_orderexp_C_A_C_seed3005,,,final,test-0010
792178f4,axis1_access_vs_provenance_value-conflict_orderexp_C_A_C_seed3005,,,final,test-0011
fa2563d4,axis1_access_vs_provenance_value-conflict_orderexp_C_A_C_seed3005,,,final,test-0012
187b45a7,axis1_access_vs_provenance_value-conflict_orderexp_C_A_C_seed3005,,,final,test-0013
fa7ab60a,axis1_access_vs_provenance_value-conflict_orderexp_C_A_C_seed3005,,,final,test-0014
cbc8ae72,axis1_access_vs_provenance_value-conflict_orderexp_C_A_C_seed3005,,,final,test-0015
be76fd50,axis1_access_vs_provenance_value-conflict_orderexp_C_A_C_seed3005,,,final,test-0016
49fa5f2a,axis1_access_vs_provenance_value-conflict_orderexp_C_A_C_seed3005,,,final,test-0017
29fd0f0b,axis1_access_vs_provenance_value-conflict_orderexp_C_A_C_seed3005,,,final,test-0018
5b79508d,axis1_access_vs_provenance_value-conflict_orderexp_C_A_C_seed3005,,,final,test-0019
e9f465e4,axis1_access_vs_provenance_value-conflict_orderexp_C_A_C_seed3005,,,final,test-0020
fd54c5c4,axis1_access_vs_provenance_value-conflict_orderexp_C_A_C_seed3005,,,final,test-0021
9acd220d,axis1_access_vs_provenance_value-conflict_orderexp_C_A_C_seed3005,,,final,test-0022
f2dca508,axis1_access_vs_provenance_value-conflict_orderexp_C_A_C_seed3005,,,final,test-0023
8dc352c5,axis1_access_vs_provenance_value-conflict_orderexp_C_A_C_seed3005,,,final,test-0024
