idx,label
0,provenance-consistent
1,access-consistent
2,provenance-consistent
3,provenance-consistent
4,access-consistent
5,provenance-consistent
6,provenance-consistent
7,access-consistent
8,access-consistent
9,access-consistent
10,provenance-consistent
11,access-consistent
12,access-consistent
13,provenance-consistent
14,provenance-consistent
15,provenance-consistent
16,ambiguous
17,access-consistent
18,access-consistent
19,provenance-consistent
20,provenance-consistent
21,provenance-consistent
22,access-consistent
23,provenance-consistent
24,provenance-consistent
25,provenance-consistent
26,provenance-consistent
27,access-consistent
28,provenance-consistent
29,provenance-consistent
30,access-consistent
31,access-consistent
32,provenance-consistent
33,provenance-consistent
34,provenance-consistent
35,access-consistent
36,access-consistent
37,access-consistent
38,access-consistent
39,provenance-consistent
40,provenance-consistent
41,incoherent
42,access-consistent
43,provenance-consistent
44,access-consistent
45,provenance-consistent
46,access-consistent
47,access-consistent
48,access-consistent
49,provenance-consistent
50,provenance-consistent
51,provenance-consistent
52,provenance-consistent
53,provenance-consistent
54,access-consistent
55,provenance-consistent
56,provenance-consistent
57,access-consistent
58,provenance-consistent
59,access-consistent
60,provenance-consistent
61,access-consistent
62,access-consistent
63,ambiguous
64,provenance-consistent
65,provenance-consistent
66,provenance-consistent
67,provenance-consistent
68,access-consistent
69,provenance-consistent
70,provenance-consistent
71,provenance-consistent
72,access-consistent
73,access-consistent
74,provenance-consistent
75,provenance-consistent
76,access-consistent
77,provenance-consistent
78,access-consistent
79,access-consistent
80,provenance-consistent
81,ambiguous
82,provenance-consistent
83,provenance-consistent
84,access-consistent
85,access-consistent
86,provenance-consistent
87,access-consistent
88,provenance-consistent
89,provenance-consistent
90,provenance-consistent
91,access-consistent
92,provenance-consistent
93,provenance-consistent
94,access-consistent
95,provenance-consistent
96,provenance-consistent
97,provenance-consistent
98,access-consistent
99,provenance-consistent
100,provenance-consistent
101,access-consistent
102,provenance-consistent
103,provenance-consistent
104,provenance-consistent
105,provenance-consistent
106,access-consistent
107,access-consistent
108,provenance-consistent
109,provenance-consistent
110,provenance-consistent
111,access-consistent
112,access-consistent
113,access-consistent
114,access-consistent
115,provenance-consistent
116,access-consistent
117,provenance-consistent
118,provenance-consistent
119,provenance-consistent
120,access-consistent
121,provenance-consistent
122,provenance-consistent
123,provenance-consistent
124,provenance-consistent
125,access-consistent
126,provenance-consistent
127,provenance-consistent
128,access-consistent
129,access-consistent
130,access-consistent
131,access-consistent
132,provenance-consistent
133,provenance-consistent
134,provenance-consistent
135,access-consistent
136,ambiguous
137,provenance-consistent
138,access-consistent
139,provenance-consistent
140,provenance-consistent
141,access-consistent
142,provenance-consistent
143,access-consistent
144,provenance-consistent
145,provenance-consistent
146,provenance-consistent
147,provenance-consistent
148,provenance-consistent
149,access-consistent
150,access-consistent
151,access-consistent
152,provenance-consistent
153,ambiguous
154,access-consistent
155,provenance-consistent
156,provenance-consistent
157,access-consistent
158,access-consistent
159,access-consistent
160,provenance-consistent
161,provenance-consistent
162,provenance-consistent
163,provenance-consistent
164,provenance-consistent
165,provenance-consistent
166,provenance-consistent
167,provenance-consistent
168,provenance-consistent
169,provenance-consistent
170,provenance-consistent
171,provenance-consistent
172,access-consistent
173,access-consistent
174,access-consistent
175,provenance-consistent
176,access-consistent
177,provenance-consistent
178,access-consistent
179,provenance-consistent
180,provenance-consistent
181,provenance-consistent
182,access-consistent
183,provenance-consistent
184,ambiguous
185,access-consistent
186,ambiguous
187,provenance-consistent
188,provenance-consistent
189,access-consistent
190,provenance-consistent
191,access-consistent
192,provenance-consistent
193,access-consistent
194,provenance-consistent
195,ambiguous
196,access-consistent
197,provenance-consistent
198,provenance-consistent
199,access-consistent
200,access-consistent
201,provenance-consistent
202,ambiguous
203,access-consistent
204,provenance-consistent
205,provenance-consistent
206,provenance-consistent
207,access-consistent
208,access-consistent
209,provenance-consistent
210,provenance-consistent
211,provenance-consistent
212,access-consistent
213,access-consistent
214,provenance-consistent
215,provenance-consistent
216,provenance-consistent
217,access-consistent
218,access-consistent
219,access-consistent
220,provenance-consistent
221,provenance-consistent
222,access-consistent
223,access-consistent
224,provenance-consistent
225,provenance-consistent
226,access-consistent
227,access-consistent
228,access-consistent
229,provenance-consistent
230,provenance-consistent
231,access-consistent
232,provenance-consistent
233,access-consistent
234,provenance-consistent
235,access-consistent
236,provenance-consistent
237,provenance-consistent
238,access-consistent
239,access-consistent
240,access-consistent
241,access-consistent
242,provenance-consistent
243,access-consistent
244,provenance-consistent
245,provenance-consistent
246,access-consistent
247,ambiguous
248,access-consistent
249,provenance-consistent
250,access-consistent
251,access-consistent
252,access-consistent
253,access-consistent
254,provenance-consistent
255,access-consistent
256,provenance-consistent
257,provenance-consistent
258,access-consistent
259,access-consistent
260,provenance-consistent
261,provenance-consistent
262,provenance-consistent
263,provenance-consistent
264,access-consistent
265,provenance-consistent
266,provenance-consistent
267,access-consistent
268,provenance-consistent
269,provenance-consistent
270,access-consistent
271,provenance-consistent
272,access-consistent
273,access-consistent
274,access-consistent
275,access-consistent
276,provenance-consistent
277,provenance-consistent
278,access-consistent
279,provenance-consistent
280,provenance-consistent
281,provenance-consistent
282,access-consistent
283,provenance-consistent
284,access-consistent
285,access-consistent
286,provenance-consistent
287,provenance-consistent
288,provenance-consistent
289,provenance-consistent
290,incoherent
291,access-consistent
292,access-consistent
293,provenance-consistent
294,provenance-consistent
295,access-consistent
296,provenance-consistent
297,access-consistent
298,provenance-consistent
299,access-consistent
300,provenance-consistent
301,provenance-consistent
302,provenance-consistent
303,provenance-consistent
304,access-consistent
305,provenance-consistent
306,access-consistent
307,provenance-consistent
308,provenance-consistent
309,provenance-consistent
310,provenance-consistent
311,access-consistent
312,access-consistent
313,access-consistent
314,provenance-consistent
315,access-consistent
316,provenance-consistent
317,access-consistent
318,access-consistent
319,provenance-consistent
320,access-consistent
321,provenance-consistent
322,provenance-consistent
323,ambiguous
324,provenance-consistent
325,access-consistent
326,provenance-consistent
327,access-consistent
328,access-consistent
329,access-consistent
330,access-consistent
331,provenance-consistent
332,access-consistent
333,access-consistent
334,provenance-consistent
335,provenance-consistent
336,access-consistent
337,access-consistent
338,access-consistent
339,access-consistent
340,provenance-consistent
341,provenance-consistent
342,provenance-consistent
343,provenance-consistent
344,provenance-consistent
345,access-consistent
346,access-consistent
347,provenance-consistent
348,provenance-consistent
349,provenance-consistent
350,ambiguous
351,provenance-consistent
352,provenance-consistent
353,provenance-consistent
354,provenance-consistent
355,provenance-consistent
356,access-consistent
357,access-consistent
358,access-consistent
359,access-consistent
360,access-consistent
361,access-consistent
362,provenance-consistent
363,access-consistent
364,provenance-consistent
365,provenance-consistent
366,provenance-consistent
367,provenance-consistent
368,provenance-consistent
369,access-consistent
370,provenance-consistent
371,provenance-consistent
372,provenance-consistent
373,provenance-consistent
374,access-consistent
375,provenance-consistent
376,provenance-consistent
377,provenance-consistent
378,access-consistent
379,access-consistent
380,provenance-consistent
381,provenance-consistent
382,access-consistent
383,provenance-consistent
384,access-consistent
385,access-consistent
386,access-consistent
387,access-consistent
388,provenance-consistent
389,access-consistent
390,provenance-consistent
391,access-consistent
392,access-consistent
393,provenance-consistent
394,access-consistent
395,provenance-consistent
396,access-consistent
397,provenance-consistent
398,provenance-consistent
399,provenance-consistent
